{
  "cpu_percent": 0.0,
  "ram_mb": 186.1171875,
  "avg_response_time_s": 0.0049422264099121095,
  "min_response_time_s": 0.003336668014526367,
  "max_response_time_s": 0.006074666976928711
}